tipo,local,2001,2009,2010,2011,2012,2013,2014,2015,2016,2017,2018,2019
Município,Arcos de Valdevez,"55,2",52,"51,5",51,"50,4","49,8","49,2","48,6",48,"47,4",47,"46,8"
Município,Caminha,"124,1","123,4","122,9","122,2","121,4","120,6","119,6","118,5","117,5","116,7","116,4","116,3"
Município,Melgaço,"41,9","39,4",39,"38,6","37,9","37,2","36,7","36,2","35,6","34,9","34,4","34,1"
Município,Monção,"94,3",92,"91,5",91,"90,4","89,6","88,6","87,8","86,7","85,7","85,1","84,6"
Município,Paredes de Coura,"69,1","67,2","66,9","66,5",66,"65,4","64,7","64,2","63,5","62,7","62,1","61,9"
Município,Ponte da Barca,"70,6","67,3","66,7","66,2","65,6",65,"64,3","63,6","62,9","62,3","61,8","61,5"
Município,Ponte de Lima,"138,1",137,"136,4","135,9","135,5","134,7","133,8","133,1",132,"130,8","129,9","129,3"
Município,Valença,"120,9",121,"120,9","120,4","119,4","118,4","117,3","116,2","115,2","114,3","113,7","113,4"
Município,Viana do Castelo,"278,2","280,2","279,1",278,"276,5","274,5","272,5","270,8","268,9","267,2","265,9",265
Município,Vila Nova de Cerveira,"81,8","85,2","85,5","85,4","84,8","84,2","83,7",83,"82,3","81,8","81,8",82
Município,Amares,"226,1","231,1","230,9","230,2",229,"227,4","225,6",224,"222,6","221,7","221,2","221,1"
Município,Barcelos,"322,1","320,2","318,8",318,"317,5","316,2","314,8","313,6","311,8","309,7","308,2","307,1"
Município,Braga,"900,1","979,9","986,6","991,4","993,1","992,3","990,7","989,8","988,8","988,5","990,5",994
Município,Esposende,"349,8","359,8","359,7","359,8","359,8","359,2","358,3","357,2","356,3",356,"356,5","357,6"
Município,Terras de Bouro,"29,9",27,"26,5",26,"25,5",25,"24,6","24,2","23,8","23,5","23,2",23
Município,Vila Verde,"204,1",210,210,"209,8","209,7","209,2","208,4","207,7","206,7","205,7","205,1",205
Município,Cabeceiras de Basto,"73,6","70,3","69,6","69,1","68,6",68,"67,4",67,"66,4","65,7","65,2","64,8"
Município,Fafe,"240,5","233,9","232,3","231,1","230,1","228,7","227,1","225,8","224,2","222,5",221,"219,9"
Município,Guimarães,"660,1","660,7",658,656,"654,2","650,6",647,"644,2",641,"637,7",635,633
Município,Mondim de Basto,"49,6","44,8","44,1","43,5","43,2","42,8","42,3","41,8","41,4","40,9","40,7","40,5"
Município,Póvoa de Lanhoso,"171,3","166,9","165,8","165,1","162,8","162,4","161,8","161,3","160,5","159,6","159,3","159,5"
Município,Vieira do Minho,"67,1","61,1","60,1","59,4","59,2","58,4","57,8","57,1","56,4","55,8","55,2","54,8"
Município,Vila Nova de Famalicão,"633,7",663,664,665,"665,2","663,9","662,2","660,5","658,2","655,4","653,9","653,3"
Município,Vizela,"956,2","959,8","961,1","963,8","965,9","965,9","965,1","963,8","962,4","961,5","963,6","966,3"
Município,Arouca,"73,6","69,1","68,4","67,8","67,2","66,5","65,8","65,2","64,7","64,2","63,7","63,2"
Município,Espinho,"1593,1","1533,8","1518,9",1502,"1480,9","1456,7",1436,"1418,9","1407,1",1403,"1401,2","1400,8"
Município,Gondomar,"1250,3","1276,8","1276,2","1276,1","1275,5","1272,3","1267,9","1263,4","1259,2","1255,9","1255,5","1256,9"
Município,Maia,"1450,8","1606,5",1621,"1634,3","1638,4","1638,3","1637,1","1635,7","1636,9","1644,4","1654,8","1668,1"
Município,Matosinhos,"2704,6","2810,7","2810,2","2815,4","2813,1","2803,7","2793,5","2783,5","2777,9","2780,3","2788,6","2801,5"
Município,Oliveira de Azeméis,"432,2","430,4","427,8",426,"424,4","421,9","419,3","416,9","414,3",412,"410,8","410,1"
Município,Paredes,"534,2","553,6",554,555,"555,6","554,7","553,5","552,5","551,2","549,8","549,2","549,1"
Município,Porto,"6310,5","5877,2","5785,8","5686,9",5560,"5429,6","5317,2","5224,6",5175,"5175,1","5189,2","5213,5"
Município,Póvoa de Varzim,773,"776,6","773,4","772,4","771,1","768,1","764,6","761,6","759,4","758,5","759,6",762
Município,Santa Maria da Feira,"632,5","646,5","646,1","647,2","648,7","648,8","647,7","646,4","644,7","642,7","641,9","641,9"
Município,Santo Tirso,534,"528,2","525,7","523,7","521,4","517,8","514,2","510,8","507,1","503,3","500,7",499
Município,São João da Madeira,"2651,1","2737,5","2736,9","2736,5","2734,1","2726,3","2717,7","2707,6","2702,1","2710,4","2729,3","2753,1"
Município,Trofa,"519,2","542,1","542,8","541,8","540,5",538,"534,9","532,3","530,9","530,9","531,6","532,7"
Município,Vale de Cambra,"168,8","158,8","156,4",155,"153,8","152,3","150,8","149,4","147,9","146,6","145,7",145
Município,Valongo,"1138,8","1238,7","1246,4","1254,4",1261,"1264,6",1266,"1266,5","1268,6","1273,4","1281,1","1291,4"
Município,Vila do Conde,"500,5","530,7","532,9",535,"535,7","535,3","534,3","533,2","532,5","532,6","533,4","535,1"
Município,Vila Nova de Gaia,"1715,4","1791,5","1794,5","1798,5","1800,3","1798,5","1794,6","1789,7","1784,3","1780,3","1780,1","1782,1"
Município,Boticas,"19,9","18,2",18,"17,8","17,5","17,2","16,9","16,6","16,3","16,1","15,8","15,6"
Município,Chaves,"73,7",71,"70,3","69,8","69,5",69,"68,5","68,1","67,5",67,"66,7","66,5"
Município,Montalegre,"15,7","13,6","13,3",13,"12,8","12,5","12,2",12,"11,7","11,5","11,4","11,2"
Município,Ribeira de Pena,"33,9",31,"30,5","30,1","29,7","29,4",29,"28,7","28,4","28,1","27,9","27,7"
Município,Valpaços,"35,4","31,8","31,2","30,6","30,2","29,6","29,1","28,7","28,2","27,7","27,4","27,1"
Município,Vila Pouca de Aguiar,"34,2",31,"30,5","30,1","29,7","29,3","28,9","28,6","28,2","27,8","27,6","27,4"
Município,Amarante,"197,4","189,6","187,9","186,5","185,5","183,9","182,4","181,2","179,8","178,5","177,5","176,8"
Município,Baião,"127,8","120,2","118,6","117,3","116,1","114,6","113,4","112,2",111,"109,7","108,7","107,8"
Município,Castelo de Paiva,"150,8","147,4","146,3","145,2","143,8","142,2","140,8","139,6","138,1","136,8","135,8","134,9"
Município,Celorico de Basto,"112,9","111,9","111,5","111,1","110,6","109,8","108,8",108,"107,2","106,4","105,7","105,2"
Município,Cinfães,"92,6","87,2","86,1","85,1",84,"82,7","81,5","80,4","79,4","78,5","77,6","76,7"
Município,Felgueiras,"498,2","504,5","503,1","502,2","501,3","499,3","497,2","495,3","493,3","491,1","489,5","488,2"
Município,Lousada,"465,5","491,9","493,1","494,2","494,4","493,1","491,7","490,5",489,"487,8","487,2","486,8"
Município,Marco de Canaveses,"259,8","265,6","265,3","265,1","264,5","263,1","261,7","260,5",259,"257,5","256,4","255,5"
Município,Paços de Ferreira,"742,2","790,3","792,7","796,7","800,8","802,4","802,8",803,802,"799,7","798,8",799
Município,Penafiel,"338,4","342,1","341,2","340,5","339,4","337,5","335,6",334,"332,4","330,8","329,8","329,1"
Município,Resende,"100,8",94,93,"91,9","90,6","89,1","87,7","86,4","85,4","84,5","83,5","82,6"
Município,Alijó,"47,8","41,6","40,7",40,"39,5","38,8","38,1","37,5",37,"36,5","36,1","35,8"
Município,Armamar,"63,5","55,7","54,6","53,7","52,9","52,1","51,5","50,9","50,4",50,"49,6","49,3"
Município,Carrazeda de Ansiães,"27,2","23,7","23,2","22,7","22,3","21,9","21,5","21,2","20,9","20,6","20,4","20,3"
Município,Freixo de Espada à Cinta,17,"15,8","15,6","15,4","15,2","14,9","14,7","14,4","14,1","13,9","13,7","13,5"
Município,Lamego,"169,4","163,8","162,4","161,1","159,8","158,1","156,4","154,9","153,2","152,1","151,3","150,7"
Município,Mesão Frio,"183,6","170,7","168,2","165,7","163,2","160,3","157,6","155,1","153,1","151,5","150,4","149,3"
Município,Moimenta da Beira,"50,1","47,2","46,7","46,4","46,1","45,8","45,4",45,"44,7","44,4","44,3","44,2"
Município,Murça,"35,5","32,2","31,7","31,4","31,2","30,7","30,3",30,"29,5","29,2",29,"28,9"
Município,Penedono,"25,7","22,8","22,4",22,"21,7","21,3",21,"20,6","20,3","19,9","19,6","19,4"
Município,Peso da Régua,"194,5","184,3",182,"180,2","178,3",176,"173,9","171,9","170,1","168,5","167,4","166,6"
Município,Sabrosa,"44,7","41,4","40,9","40,5","40,1","39,6","39,1","38,6","38,2","37,9","37,8","37,7"
Município,Santa Marta de Penaguião,"122,1","109,2","107,3","105,7","104,1","102,5","100,9","99,5","98,2","97,2","96,4","95,6"
Município,São João da Pesqueira,"32,4","30,2","29,9","29,5","29,1","28,6","28,2","27,9","27,5","27,2",27,"26,8"
Município,Sernancelhe,"27,2","25,3",25,"24,8","24,7","24,6","24,3","24,1","23,9","23,7","23,6","23,6"
Município,Tabuaço,"50,5","48,2","47,8","47,5","47,2","46,9","46,4",46,"45,6","45,3",45,45
Município,Tarouca,"82,9","81,4","80,9","80,4","79,8","79,2","78,6",78,"77,6","77,4","77,5","77,8"
Município,Torre de Moncorvo,"18,5","16,6","16,3","16,1","15,9","15,6","15,4","15,1","14,9","14,7","14,6","14,5"
Município,Vila Nova de Foz Côa,"21,2","18,9","18,6","18,3",18,"17,7","17,4","17,2","16,9","16,7","16,5","16,4"
Município,Vila Real,"132,7","136,7","136,9","136,9","136,2","135,2","134,2","133,3","132,6",132,"131,8","131,8"
Município,Alfândega da Fé,"18,4","16,3",16,"15,7","15,5","15,2","14,9","14,7","14,5","14,3","14,2","14,2"
Município,Bragança,"29,6","30,2","30,2","30,1","29,9","29,7","29,4","29,1","28,9","28,7","28,7","28,6"
Município,Macedo de Cavaleiros,"24,9","23,1","22,8","22,5","22,2","21,9","21,7","21,4","21,2",21,"20,9","20,8"
Município,Miranda do Douro,"16,5","15,7","15,5","15,4","15,2","15,1","14,9","14,7","14,5","14,3","14,2","14,1"
Município,Mirandela,"39,1","36,8","36,5","36,1","35,7","35,1","34,6","34,2","33,8","33,5","33,2","33,1"
Município,Mogadouro,"14,7","12,9","12,7","12,5","12,3","12,1","11,9","11,7","11,5","11,3","11,2","11,1"
Município,Vila Flor,"29,6",26,"25,5","25,1","24,8","24,4",24,"23,7","23,3","23,1","22,9","22,8"
Município,Vimioso,11,10,"9,8","9,7","9,5","9,3","9,1","8,9","8,7","8,6","8,5","8,4"
Município,Vinhais,"15,2","13,5","13,2",13,"12,7","12,5","12,2",12,"11,8","11,6","11,4","11,2"
Município,Alcobaça,"136,3","139,2","139,3","138,8","137,8","136,8","135,8","135,1","134,4","133,2",132,"131,3"
Município,Alenquer,"128,8","140,5","141,7","142,3","142,1","141,8","141,5","141,6",142,"142,6","143,1","144,1"
Município,Arruda dos Vinhos,"134,6",166,"169,9","173,8","177,3","180,3","182,3","184,3","187,1",190,"192,5","195,6"
Município,Bombarral,"145,3","145,6","145,1","144,1",143,"141,8","140,3","139,1","138,4","137,9","137,6","137,4"
Município,Cadaval,"80,3","81,3","81,5","81,4","80,9","80,4","79,7","79,2",79,"78,6","78,2",78
Município,Caldas da Rainha,"191,4","201,5","202,2","202,6","202,6","202,4","201,9","201,5","201,6","201,7","201,7","202,3"
Município,Lourinhã,"159,3","173,1","174,5",175,"174,8","174,5",174,"173,9","174,1","174,3","174,4","175,1"
Município,Nazaré,"182,6",184,"184,2",183,"180,8","178,5","176,5","175,4","174,5","173,6","172,6","171,9"
Município,Óbidos,"76,8","82,3","82,9","83,2","83,1","82,8","82,4","82,1","82,2","82,5","82,8","83,3"
Município,Peniche,"351,4","358,6","358,7","357,1","354,5","352,1","349,7","348,3","347,1","345,1","342,8","341,6"
Município,Sobral de Monte Agraço,"171,6",192,"194,1","195,2","195,4","195,8","195,7","195,9",197,"198,7","200,6","202,9"
Município,Torres Vedras,"178,3","193,2","194,7","195,3","195,2","194,8","194,2","193,9","193,6","193,1","192,5","192,5"
Município,Águeda,"146,1","143,4","142,8","142,2","141,6","140,9","140,2","139,8","139,3","138,6","137,7","137,3"
Município,Albergaria-a-Velha,"158,8","158,9","159,1","158,6","157,4","156,2","155,2","154,4","153,7",153,"152,3",152
Município,Anadia,"145,1","136,8","135,5","134,2",133,"131,6","130,4","129,5","128,8","127,8","126,7","125,9"
Município,Aveiro,"367,9","394,2","396,2","396,2","394,2",392,"390,1","389,3",390,"391,9","393,6","396,4"
Município,Estarreja,"259,6",252,"250,5","249,1","247,7","246,2","244,7","243,7",243,"241,8","240,5","240,2"
Município,Ílhavo,"506,8","523,9","524,7","524,7","523,9","523,4","521,8","521,5","522,4",523,523,"524,7"
Município,Murtosa,"129,6","143,1","144,5","144,6","143,8","143,1","142,4","142,2","141,9","141,3","140,6","140,4"
Município,Oliveira do Bairro,243,"260,9","262,8","264,7","266,6",268,"268,6","269,9","271,5","272,5","273,7","276,1"
Município,Ovar,"374,6","376,2","375,7","374,7","373,5","372,4",371,370,"369,3","368,3","367,1","366,9"
Município,Sever do Vouga,"101,4","96,1","95,9","94,9","93,9","92,9",92,"91,5","90,7","89,5","88,3","87,5"
Município,Vagos,"133,8","138,2","138,5","138,8","138,8","138,8","138,6","138,6","138,7","138,2","137,8","137,7"
Município,Arganil,"40,8","37,3","36,8","36,4","35,9","35,3","34,8","34,5","34,2","33,8","33,4","33,2"
Município,Cantanhede,"96,7","94,6","94,1","93,7","93,3","92,9","92,4","91,9","91,4","90,8","90,1","89,6"
Município,Coimbra,"464,2","452,8","450,7","446,1","439,1","432,2","426,7","422,9",421,"420,3","419,3","419,4"
Município,Condeixa-a-Nova,"111,2","121,6","122,8","123,8","124,6","125,1","125,2","125,3","125,8","126,4","126,8","127,4"
Município,Figueira da Foz,"165,1","164,8","164,4","163,8","162,8","161,7","160,5","159,7","158,8","157,4",156,"155,1"
Município,Góis,"18,4","16,6","16,4","16,1","15,8","15,6","15,4","15,2",15,"14,9","14,7","14,5"
Município,Lousã,"114,3","125,6","126,8","127,1","126,4","125,6","124,9","124,5","124,4","124,2",124,"123,9"
Município,Mealhada,"187,4",186,"185,3","184,6",184,"183,4","182,6","182,1","181,9","181,2","180,2","179,9"
Município,Mira,"103,5","101,4",101,"100,4","99,7","99,1","98,4","97,8","97,3","96,5","95,8","95,4"
Município,Miranda do Corvo,"103,5","104,2",104,"103,8","103,4",103,"102,4","101,9","101,7","101,4","100,7","100,5"
Município,Montemor-o-Velho,"111,6","113,9","114,3","114,3",114,"113,5","112,8","112,3","111,9","111,3","110,6","110,2"
Município,Mortágua,"41,2","38,9","38,5","38,2","37,8","37,4",37,"36,7","36,3","35,9","35,4","35,2"
Município,Oliveira do Hospital,"94,1","90,2","89,5","88,7","87,9",87,"86,1","85,4","84,7","83,9","82,9","82,3"
Município,Pampilhosa da Serra,"13,1","11,7","11,5","11,3",11,"10,8","10,7","10,5","10,4","10,3","10,3","10,2"
Município,Penacova,"76,9","71,7","70,9","70,1","69,2","68,2","67,3","66,7",66,"65,1","64,2","63,5"
Município,Penela,"48,7","45,1","44,7","44,2","43,5","42,9","42,3","41,8","41,4",41,"40,5","40,2"
Município,Soure,"78,8","73,9","73,2","72,3","71,3","70,2","69,3","68,4","67,6","66,6","65,6","64,9"
Município,Tábua,63,"61,2","60,8","60,4","59,9","59,5","59,1","58,8","58,4","57,9","57,4",57
Município,Vila Nova de Poiares,"83,6",86,"86,2","86,2","85,7","84,9","84,2","83,7","83,3","82,8","82,3","82,1"
Município,Alvaiázere,"52,5","46,6","45,9","45,3","44,8","44,3","43,6","43,1","42,6","42,1","41,6","41,2"
Município,Ansião,"77,8","75,5",75,"74,4","73,6","72,9","72,2","71,6","71,1","70,2","69,2","68,6"
Município,Batalha,"146,2","152,1","152,7",153,153,"152,9","152,7","152,9","153,1","153,2","153,2","153,8"
Município,Castanheira de Pêra,"55,6","49,2","48,4","47,4",46,"44,7","43,5","42,4","41,5","40,6",40,"39,4"
Município,Figueiró dos Vinhos,"42,1","36,8","36,1","35,4",35,"34,5",34,"33,6","33,3",33,"32,6","32,2"
Município,Leiria,"211,4","223,4","224,3","224,5","223,9","223,3","222,6","222,3","222,3","221,9","221,3","221,3"
Município,Marinha Grande,"192,7","204,7","206,1","206,9","206,8","206,7","206,2",206,"206,1","205,8","205,4","205,4"
Município,Pedrógão Grande,"34,1","31,2","30,8","30,2","29,6","28,9","28,3","27,8","27,5","27,2","26,8","26,6"
Município,Pombal,"89,9","88,9","88,6","88,1","87,6","86,9","86,3","85,8","85,1","84,1","83,1","82,4"
Município,Porto de Mós,"91,8","93,2","93,1","92,9","92,5",92,"91,4",91,"90,6","89,9","89,3","88,9"
Município,Aguiar da Beira,"30,1","27,2","26,8","26,4","25,9","25,5",25,"24,6","24,1","23,6","23,1","22,7"
Município,Carregal do Sal,"88,8","85,1","84,5","83,9","83,4","82,8","82,4",82,"81,5","80,6","79,8","79,4"
Município,Castro Daire,"44,6","41,3","40,8","40,3","39,8","39,3","38,8","38,5","38,1","37,6","37,1","36,6"
Município,Mangualde,"95,5","91,8","91,2","90,5","89,9","89,2","88,4","87,9","87,3","86,4","85,4","84,7"
Município,Nelas,"113,5","112,5","111,9","111,3","110,4","109,2","108,3","107,5","106,7","105,6","104,3","103,4"
Município,Oliveira de Frades,"72,8","71,2","70,9","70,6","70,4",70,"69,6","69,3",69,"68,6","68,4","68,3"
Município,Penalva do Castelo,"66,8","60,8","59,8",59,"58,4","57,6","56,8","56,1","55,4","54,6","53,8","53,2"
Município,Santa Comba Dão,111,"105,2","104,2","103,1","101,8","100,4",99,"97,9","96,7","95,6","94,4","93,6"
Município,São Pedro do Sul,"54,4","49,3","48,7","48,1","47,6","47,1","46,6","46,2","45,8","45,2","44,7","44,3"
Município,Sátão,65,"62,7","62,1","61,6",61,"60,4","59,8","59,3","58,9","58,4","57,8","57,4"
Município,Tondela,"83,7","79,3","78,6","77,8","77,1","76,3","75,4","74,8","74,1","73,1",72,"71,3"
Município,Vila Nova de Paiva,"34,8","30,5","29,8","29,4","29,1","28,7","28,4","28,1","27,8","27,4","27,1","26,8"
Município,Viseu,"184,8","194,5","195,5","195,6","195,1","194,4","193,8","193,5","193,3","192,5","191,7","191,5"
Município,Vouzela,"61,2","55,9",55,"54,3","53,7","53,1","52,5",52,"51,5","50,9","50,2","49,8"
Município,Castelo Branco,"38,8","39,1","39,1","38,9","38,5",38,"37,6","37,3","37,1","36,8","36,5","36,2"
Município,Idanha-a-Nova,"8,2","7,1",7,"6,8","6,7","6,5","6,4","6,2","6,1",6,"5,8","5,7"
Município,Oleiros,"14,2","12,5","12,3","12,1","11,9","11,7","11,5","11,3","11,1",11,"10,8","10,7"
Município,Penamacor,"11,8","10,4","10,3",10,"9,8","9,6","9,3","9,2",9,"8,8","8,6","8,5"
Município,Proença-a-Nova,"24,2","21,7","21,3",21,"20,7","20,4",20,"19,7","19,4","19,1","18,8","18,6"
Município,Vila Velha de Ródão,"12,4",11,"10,8","10,7","10,5","10,3","10,2",10,"9,9","9,8","9,7","9,6"
Município,Abrantes,"58,9","55,9","55,5","54,8","53,9",53,"52,3","51,6","51,1","50,5","49,8","49,3"
Município,Alcanena,"114,6","110,1","109,4","108,5","107,2","105,9","104,8",104,"103,1","102,2","101,4","100,8"
Município,Constância,"47,8",50,"50,3","50,4","50,4","50,3",50,"49,7","49,6","49,7","49,8",50
Município,Entroncamento,"1327,9","1455,4","1467,6","1476,5","1483,9","1488,4","1489,9","1494,2","1506,4","1523,4","1538,6","1557,6"
Município,Ferreira do Zêzere,"49,4","46,1","45,6","45,2","44,7","44,2","43,7","43,2","42,9","42,5","42,1","41,9"
Município,Mação,21,"18,9","18,6","18,3","17,9","17,5","17,2","16,9","16,6","16,3",16,"15,7"
Município,Ourém,"111,1","110,9","110,6","110,3","109,8","109,3","108,7","108,2","107,7",107,"106,2","105,7"
Município,Sardoal,"44,6","43,2",43,"42,8","42,6","42,3","41,8","41,6","41,3","41,1","40,8","40,6"
Município,Sertã,"37,4",36,"35,8","35,5","35,1","34,7","34,4","34,1","33,7","33,4","33,1","32,7"
Município,Tomar,"121,9","117,2","116,5","115,3","113,7","112,1","110,6","109,3","108,2",107,"105,7","104,9"
Município,Torres Novas,"137,1","136,6","136,4","135,9","135,1","134,1",133,"132,1","131,5","130,8",130,"129,5"
Município,Vila de Rei,"17,6","18,1","18,1","18,1","18,1",18,"17,9","17,7","17,6","17,5","17,4","17,3"
Município,Vila Nova da Barquinha,"152,6","148,8","148,2",148,"148,1",148,"147,7","147,3","147,4","148,3","149,2",150
Município,Almeida,"16,2","14,4","14,2","13,8","13,4",13,"12,6","12,3","12,1","11,8","11,6","11,3"
Município,Belmonte,"63,7","58,9","58,2","57,6",57,"56,4","55,8","55,2","54,9","54,6","54,2","53,9"
Município,Celorico da Beira,"35,7","32,1","31,5",31,"30,6","30,2","29,8","29,5","29,2","28,8","28,4","28,1"
Município,Covilhã,"97,9","94,4","93,7","92,8","91,5","90,2",89,"88,1","87,2","86,3","85,3","84,5"
Município,Figueira de Castelo Rodrigo,14,"12,6","12,5","12,3","12,2",12,"11,9","11,7","11,6","11,4","11,2",11
Município,Fornos de Algodres,"42,6","38,9","38,3","37,9","37,6","37,3","36,9","36,6","36,2","35,6",35,"34,6"
Município,Fundão,"44,8","42,4",42,"41,6","41,1","40,5","40,1","39,7","39,3","38,8","38,4",38
Município,Gouveia,"53,4",48,"47,3","46,6","45,8","45,1","44,4","43,9","43,3","42,6","41,9","41,4"
Município,Guarda,"61,5","60,3",60,"59,5","58,8",58,"57,3","56,7","56,2","55,7","55,2","54,8"
Município,Manteigas,"33,4","29,2","28,6","28,1","27,7","27,2","26,8","26,4",26,"25,5","25,1","24,8"
Município,Mêda,"21,7","18,8","18,4","18,1","17,7","17,4","17,1","16,9","16,7","16,5","16,3","16,1"
Município,Pinhel,"22,5","20,4","20,1","19,8","19,4","19,1","18,9","18,6","18,4","18,1","17,9","17,7"
Município,Sabugal,18,"15,8","15,5","15,2","14,9","14,6","14,3","14,1","13,8","13,5","13,2",13
Município,Seia,"64,3",58,"57,2","56,5","55,8",55,"54,3","53,8","53,2","52,5","51,8","51,2"
Município,Trancoso,30,"27,9","27,6","27,3","26,9","26,6","26,2","25,9","25,7","25,3","24,9","24,6"
Município,Alcochete,"99,3","131,3",135,"138,2","140,6","142,5","144,4","145,9","147,3","149,2","151,1","153,1"
Município,Almada,"2296,6","2455,7","2473,2",2477,"2462,6","2442,5","2427,8",2427,"2421,2","2417,4","2414,9","2414,1"
Município,Amadora,"7375,5","7372,3","7366,4","7376,1","7386,5","7378,4","7385,1","7413,7","7460,3","7529,7","7604,4",7692
Município,Barreiro,"2466,9","2170,4",2170,"2163,8","2150,5","2131,8","2115,7","2105,1","2094,1","2084,3","2076,6","2068,8"
Município,Cascais,"1769,1","2066,4","2102,3","2127,1","2136,7","2139,8","2145,2","2154,7","2162,5","2169,4","2177,6","2187,3"
Município,Lisboa,"6656,8","6482,1","6465,7","6389,6","6247,5","5202,7","5127,9","5066,4","5044,7","5052,7",5064,"5081,1"
Município,Loures,1177,"1206,2","1209,3","1216,9","1227,3","1229,2","1219,2","1227,5","1236,1","1246,7","1258,1","1270,8"
Município,Mafra,"189,5","250,9","258,9","265,6","270,1","273,5","276,8","279,7","282,1","284,4","286,8","289,4"
Município,Moita,"1233,1","1201,1","1197,5",1196,1194,"1187,7","1182,8","1179,8","1175,1","1170,7","1168,5","1166,6"
Município,Montijo,"116,5","141,6","145,1","148,5","151,4","153,7","155,7","157,4",159,"160,7","162,3","164,2"
Município,Odivelas,"5035,6","5415,4","5457,8","5528,2","5571,2","5647,4","5723,6","5789,4","5850,5","5913,9","5980,2","6054,6"
Município,Oeiras,"3540,8","3724,9",3744,"3759,1","3765,9","3763,7","3765,2",3774,3788,"3808,6",3830,"3853,8"
Município,Palmela,"115,4","132,2","134,1","135,8","136,6",137,"137,4","137,7","137,9",138,"138,1","138,1"
Município,Seixal,"1571,2",1647,"1653,7","1667,7","1684,2","1696,1","1708,1","1720,1","1727,3","1734,4","1743,4","1752,7"
Município,Sesimbra,"194,5","244,7","250,3","254,4","256,3","257,2","258,2","258,9","259,8","261,2","262,7","264,2"
Município,Setúbal,"589,6","522,6","525,2","525,7","522,4","517,7","514,2","512,2","509,6","506,5","503,8","501,2"
Município,Sintra,"1138,4","1179,1","1181,9","1186,4",1190,"1189,9","1191,5","1195,8","1200,5",1206,1213,"1221,4"
Município,Vila Franca de Xira,"381,3","424,7","428,2","432,3","435,1","436,6","438,5","440,8","442,3","443,2","444,4","445,6"
Município,Alcácer do Sal,"9,5","8,8","8,7","8,7","8,6","8,4","8,3","8,2","8,1",8,"7,9","7,8"
Município,Grândola,"18,2","18,1",18,18,"18,1","18,1","18,1","17,9","17,8","17,7","17,7","17,7"
Município,Odemira,"15,2","15,2","15,2","15,1","15,1",15,"14,9","14,7","14,5","14,4","14,3","14,3"
Município,Santiago do Cacém,"29,3","28,3","28,2","28,1","28,2","28,1",28,"27,7","27,5","27,3","27,2","27,1"
Município,Sines,"67,1","69,9",70,"69,9","69,5",69,"68,4","67,6","67,2","67,2","67,1","67,3"
Município,Aljustrel,"22,9","20,6","20,4","20,1","19,8","19,6","19,3","18,9","18,6","18,4","18,2",18
Município,Almodôvar,"10,5","9,7","9,6","9,5","9,4","9,3","9,2",9,"8,9","8,8","8,7","8,7"
Município,Alvito,10,"9,6","9,5","9,5","9,6","9,6","9,6","9,4","9,4","9,3","9,3","9,3"
Município,Barrancos,"11,4",11,11,"10,8","10,7","10,5","10,4","10,3","10,1",10,"9,8","9,7"
Município,Beja,"31,2","31,4","31,3","31,2","30,9","30,7","30,4",30,"29,7","29,6","29,4","29,3"
Município,Castro Verde,"13,3",13,"12,9","12,8","12,8","12,8","12,7","12,6","12,5","12,4","12,3","12,2"
Município,Cuba,"28,8","28,5","28,4","28,4","28,4","28,3","28,1","27,8","27,5","27,2","26,9","26,7"
Município,Ferreira do Alentejo,"13,9","12,9","12,8","12,8","12,7","12,7","12,6","12,4","12,3","12,2","12,2","12,1"
Município,Mértola,"6,7","5,8","5,7","5,6","5,5","5,3","5,2","5,1",5,"4,9","4,8","4,8"
Município,Moura,"17,2","16,1","15,9","15,7","15,6","15,4","15,2",15,"14,8","14,6","14,4","14,3"
Município,Ourique,"9,3","8,3","8,2","8,1","7,9","7,8","7,7","7,5","7,3","7,2","7,1",7
Município,Serpa,"15,1","14,4","14,3","14,1",14,"13,9","13,8","13,7","13,5","13,3","13,1",13
Município,Vidigueira,"19,5","18,9","18,8","18,7","18,5","18,4","18,2",18,"17,8","17,6","17,4","17,4"
Município,Almeirim,"99,1","104,6","105,1","105,5","105,7","105,7","105,1","104,3","103,6","102,9","102,1","101,6"
Município,Alpiarça,83,"81,8","81,2","80,6","79,9","79,3","78,2",77,76,"75,3","74,7","74,2"
Município,Azambuja,"81,5","82,8","83,1","83,6","84,5","85,3","85,3","84,8","84,6","84,9","85,3",86
Município,Benavente,"44,7","54,1","55,1",56,"56,6","57,1","57,3","57,3","57,4","57,6","57,8","58,3"
Município,Cartaxo,"149,6","154,4","154,8",155,155,"154,8",154,"152,6","151,6","151,1","150,5","150,4"
Município,Chamusca,"15,3","13,9","13,7","13,5","13,4","13,3","13,2",13,"12,8","12,7","12,5","12,4"
Município,Coruche,19,"18,1",18,"17,8","17,6","17,3","17,1","16,8","16,5","16,2",16,"15,7"
Município,Golegã,"74,9","72,2","71,6","71,2","70,6","66,1","67,7","66,6","65,7",65,"64,2","63,5"
Município,Rio Maior,"77,9","77,9","77,8","77,8","77,6","77,3","76,9","76,2","75,7","75,2","74,7","74,6"
Município,Salvaterra de Magos,"84,1",90,"90,7",91,91,91,"90,5","89,6","88,8","88,1","87,5","87,2"
Município,Santarém,113,"111,9","111,5","110,8","109,8","109,9","108,3","106,9","105,8",105,"104,3","103,9"
Município,Alter do Chão,"10,9","10,1",10,"9,9","9,7","9,6","9,5","9,2","9,1",9,"8,9","8,8"
Município,Arronches,"10,7","10,2","10,1",10,"9,9","9,9","9,8","9,6","9,4","9,3","9,2",9
Município,Avis,"8,6","7,8","7,6","7,6","7,5","7,5","7,4","7,3","7,2","7,1",7,7
Município,Campo Maior,34,"34,3","34,3","34,2",34,"33,9","33,7","33,4",33,"32,6","32,2","31,9"
Município,Castelo de Vide,"14,5","13,2",13,"12,8","12,6","12,4","12,1","11,9","11,7","11,5","11,3","11,1"
Município,Crato,"10,9","9,6","9,5","9,3","9,1","8,9","8,8","8,6","8,4","8,2","8,1","7,9"
Município,Elvas,37,"36,7","36,6","36,4",36,"35,5",35,"34,4","33,9","33,5",33,"32,7"
Município,Fronteira,15,14,"13,9","13,7","13,4","13,1","12,8","12,6","12,4","12,2","12,1",12
Município,Gavião,"16,5","14,4","14,2",14,"13,7","13,3","12,9","12,5","12,2","11,8","11,5","11,2"
Município,Marvão,26,"23,4",23,"22,6","22,3",22,"21,6","21,1","20,7","20,3","19,9","19,6"
Município,Monforte,"8,1",8,8,"7,9","7,8","7,7","7,6","7,5","7,3","7,2","7,2","7,1"
Município,Nisa,"14,9","13,3","13,1","12,9","12,6","12,3",12,"11,7","11,4","11,1","10,8","10,6"
Município,Ponte de Sor,"21,5","20,3","20,1","19,8","19,6","19,4","19,1","18,8","18,6","18,3","18,1","17,9"
Município,Portalegre,"57,9","56,4",56,"55,4","54,6","53,8",53,"52,2","51,5","50,9","50,3","49,8"
Município,Sousel,"20,6","18,7","18,4","18,1","17,8","17,6","17,2","16,9","16,6","16,4","16,1","15,9"
Município,Alandroal,12,11,"10,9","10,7","10,6","10,4","10,2",10,"9,8","9,6","9,4","9,3"
Município,Arraiolos,"11,2","10,9","10,8","10,8","10,8","10,7","10,6","10,5","10,4","10,3","10,2","10,1"
Município,Borba,"53,5","51,2","50,8","50,5","50,1","49,8","49,4","48,7","48,2","47,6","47,1","46,6"
Município,Estremoz,"30,4","28,4","28,1","27,7","27,4","26,9","26,5","26,1","25,8","25,4","25,1","24,9"
Município,Évora,"43,3","43,5","43,4","43,2","42,8","42,3","41,8","41,3","40,9","40,6","40,3","40,1"
Município,Montemor-o-Novo,"15,1","14,4","14,2","14,1","13,9","13,8","13,5","13,3","13,2",13,"12,8","12,7"
Município,Mora,13,"11,6","11,4","11,1","10,9","10,7","10,4","10,2",10,"9,8","9,5","9,4"
Município,Mourão,"11,5","9,9","9,7","9,5","9,4","9,4","9,3","9,2",9,9,"8,9","8,8"
Município,Portel,"11,8","10,9","10,8","10,7","10,6","10,5","10,4","10,2","10,1","9,9","9,8","9,7"
Município,Redondo,"19,8","19,2","19,1",19,"18,8","18,6","18,4","18,1","17,9","17,6","17,4","17,2"
Município,Reguengos de Monsaraz,"24,4","23,6","23,4","23,3","23,2",23,"22,7","22,5","22,2",22,"21,7","21,6"
Município,Vendas Novas,"51,7","53,4","53,3","53,3","53,2","53,1","52,8","52,2","51,7","51,4","50,9","50,6"
Município,Viana do Alentejo,"14,3","14,6","14,6","14,6","14,4","14,1","13,9","13,6","13,4","13,3","13,1","13,1"
Município,Vila Viçosa,"45,4","43,3",43,"42,6","42,4","42,1","41,8","41,3","40,7","40,3","39,9","39,5"
Município,Albufeira,226,"280,1","286,7","288,4","286,3","285,2","284,9",286,"287,9","289,6","291,3","293,8"
Município,Alcoutim,"6,5","5,3","5,2",5,"4,8","4,7","4,5","4,4","4,2","4,1",4,"3,8"
Município,Aljezur,"16,4","17,9","18,1","18,1","17,8","17,6","17,5","17,4","17,3","17,3","17,3","17,3"
Município,Castro Marim,22,"22,4","22,4","22,3",22,"21,8","21,7","21,5","21,4","21,2",21,"20,8"
Município,Faro,"288,4","316,1","318,6","316,5","310,8","306,1","303,5","301,7","301,4","301,1","300,9","301,1"
Município,Lagoa,"233,3","256,8","259,2","259,4","258,2",258,"257,6","257,8","258,3","258,1","257,8","257,8"
Município,Lagos,"120,1","141,8","144,5","145,2","144,6","144,4","144,2","144,4","144,4","143,8","143,2","142,8"
Município,Loulé,"77,9","90,2","91,7",92,"91,5",91,"90,6","90,8","90,9","90,6","90,3","90,1"
Município,Monchique,"17,5","15,7","15,5","15,1","14,7","14,4","14,1","13,9","13,7","13,5","13,2",13
Município,Olhão,"315,1","341,4","345,1",346,"345,3","345,5","345,3","345,5","345,4","343,8","341,8","340,1"
Município,Portimão,249,"296,9","302,8","304,6","303,4","303,1","303,1","303,9","304,5","304,3","304,1","304,6"
Município,São Brás de Alportel,67,"68,9","69,4","69,2","68,8","68,8","68,7","68,8","68,8","68,4","68,1","67,9"
Município,Silves,50,"53,9","54,4","54,4",54,"53,9","53,8","53,8","53,7","53,5","53,3","53,2"
Município,Tavira,"41,1","42,9","43,1","42,9","42,5","42,3","42,1",42,"41,7","41,4",41,"40,6"
Município,Vila do Bispo,"29,9","29,4","29,4","29,3","29,2","29,1","29,1","29,1",29,"28,9","28,8","28,8"
Município,Vila Real de Santo António,"290,3","310,3","312,1",312,"311,1","311,2","311,1","311,3","311,2","310,1","308,8","307,2"
Município,Vila do Porto,"57,6","57,6","57,5","57,5","57,9","58,3","58,4","58,3","58,3","58,3","58,2",58
Município,Lagoa [R.A.A.],"309,9","316,3","316,5","317,4","319,2",321,"321,7","321,9","322,5","322,7","322,2","322,5"
Município,Nordeste,"52,8","49,6","49,2","48,9","49,1","49,3","49,3","49,1","48,9","48,6","48,2",48
Município,Ponta Delgada,"283,1","294,3",295,"295,4","295,6","295,4","294,6","293,8","293,5","292,7","291,7","291,4"
Município,Povoação,"62,1","60,3","59,8","59,3","58,9","58,5",58,"57,7","57,4","56,7","56,1","55,8"
Município,Ribeira Grande,"158,8","175,2",177,"178,6","179,9","180,9","181,2","181,4","181,8","181,8","181,6","181,8"
Município,Vila Franca do Campo,"142,7",144,"143,9","144,1","144,8","145,2",145,"144,8","144,6","143,7","142,5","141,9"
Município,Angra do Heroísmo,"148,9",149,"148,5","147,9","147,5","146,9",146,"145,1","144,4","143,4","142,3","141,7"
Município,Vila da Praia da Vitória,"125,8","130,3","130,4","131,2","132,4","133,5",134,"133,8","133,6","133,1","132,5","132,2"
Município,Santa Cruz da Graciosa,"78,8","73,8",73,"72,6","72,7","72,6","72,2","71,7","71,2","70,6",70,"69,5"
Município,Calheta [R.A.A.],"32,1","30,5","30,2","29,5","28,7","27,8",27,"26,5","26,1","25,8","25,5","25,3"
Município,Velas,"47,7","46,6","46,3",46,"45,7","45,6","45,3","44,9","44,5","44,2","43,9","43,6"
Município,Lajes do Pico,"32,4","30,6","30,5","30,4","30,3","30,3","30,1","29,9","29,7","29,4","29,1","28,9"
Município,Madalena,"41,7","41,3","41,2",41,"41,1","41,1","40,9","40,6","40,5","40,3",40,40
Município,São Roque do Pico,"25,4","24,1","23,9","23,8","23,8","23,7","23,5","23,2","23,2","23,1",23,"22,9"
Município,Horta,"87,1","86,9","86,7","86,7","86,8","86,7","86,4","85,9","85,5","84,9","84,3",84
Município,Lajes das Flores,"21,5","21,6","21,6","21,7","21,8","21,8","21,7","21,5","21,4","21,3",21,"20,9"
Município,Santa Cruz das Flores,"35,1","32,9","32,6","32,3",32,"31,7","31,4","31,1",31,"30,8","30,6","30,5"
Município,Corvo,"24,8","24,4","24,4","24,7","25,7","26,6","26,9","26,8","26,9","26,9","27,1","27,1"
Município,Calheta [R.A.M.],"108,1","104,7","103,9","102,9","102,1","101,6","100,7","99,6","98,6",98,"97,6","97,5"
Município,Câmara de Lobos,"669,4",685,"684,4","679,3","673,3","669,5",664,"658,7","654,5","650,7","647,7",646
Município,Funchal,"1377,3","1462,7","1468,3","1457,7",1439,"1426,3",1410,"1393,7","1381,1","1373,8","1369,3","1366,6"
Município,Machico,"318,4","321,3","320,3","316,9","313,1","310,9","307,8","304,2","301,2","298,4","295,7","293,6"
Município,Ponta do Sol,"174,3","190,2","191,4","191,3","190,6","190,4","189,1","187,3","185,8","185,2",185,"185,4"
Município,Porto Moniz,"35,3","33,4",33,"32,3","31,5","30,8","30,1","29,5",29,"28,7","28,5","28,3"
Município,Ribeira Brava,193,"204,3","204,6","202,8","200,1","198,2","195,6","193,1",191,190,"189,8","189,8"
Município,Santa Cruz,"448,9",505,"520,4","528,2","531,4","535,9",538,"538,6","539,6","542,6",547,"552,3"
Município,Santana,"91,2","83,1","81,6","79,9","78,2","76,8","75,4",74,"72,6","71,7",71,"70,5"
Município,São Vicente,"76,5","74,1","73,2","71,8","70,5","69,4",68,"66,7","65,8","65,4","65,3","65,3"
Município,Porto Santo,"112,7","125,6","127,6","127,6",126,125,"122,7","121,3","120,3","120,1","120,3","120,6"
 , , , , , , , , , , , , , 
